{"cameraMode":{"drawMode":0,"name":"Shaded","section":"Shading Mode"},"sceneLighting":false,"audioPlay":false,"sceneViewState":{"showFog":true,"showMaterialUpdate":false,"showSkybox":false,"showFlares":true,"showImageEffects":true,"showParticleSystems":true},"in2DMode":false,"pivot":{"x":-30.027694702148439,"y":8.794410705566407,"z":17.459999084472658},"rotation":{"x":-0.0006697141798213124,"y":-0.9912875890731812,"z":0.13161663711071015,"w":-0.005048464518040419},"size":3.6628637313842775,"orthographic":false}